,LONELY2,SATJOB,MOREDAYS,WRKHOME,HLTHPHYS,HLTHMNTL,CONWKDAY,PARTLSC,AGE,MARITAL,EDUC,is_si,marital_cat,MOREWEEKS,Age Group
3,2.0,1.0,2.0,1.0,1.0,1.0,4.0,3.0,63.0,1.0,4,0,1,1,4
6,3.0,1.0,1.0,1.0,3.0,2.0,3.0,2.0,59.0,3.0,3,1,0,1,3
7,1.0,1.0,24.0,1.0,2.0,3.0,4.0,5.0,43.0,5.0,2,0,0,4,2
9,3.0,2.0,3.0,1.0,2.0,3.0,4.0,1.0,55.0,1.0,2,1,1,1,3
11,3.0,2.0,6.0,1.0,3.0,3.0,2.0,1.0,34.0,4.0,3,1,0,1,2
13,1.0,2.0,0.0,1.0,1.0,1.0,4.0,2.0,44.0,1.0,4,0,1,0,2
18,2.0,2.0,3.0,1.0,1.0,2.0,6.0,3.0,40.0,3.0,4,0,0,1,2
19,3.0,3.0,15.0,4.0,4.0,3.0,3.0,2.0,30.0,5.0,4,1,0,3,2
29,2.0,1.0,3.0,1.0,1.0,1.0,2.0,1.0,20.0,5.0,3,0,0,1,1
35,1.0,1.0,1.0,4.0,2.0,2.0,2.0,4.0,65.0,1.0,4,0,1,1,4
37,1.0,4.0,30.0,5.0,2.0,2.0,2.0,5.0,34.0,5.0,4,0,0,4,2
40,2.0,1.0,0.0,1.0,2.0,2.0,4.0,4.0,65.0,3.0,2,0,0,0,4
45,4.0,2.0,3.0,1.0,4.0,3.0,1.0,5.0,46.0,2.0,2,1,0,1,3
50,1.0,1.0,2.0,6.0,1.0,2.0,3.0,5.0,22.0,5.0,3,0,0,1,1
54,1.0,1.0,0.0,5.0,1.0,1.0,2.0,1.0,46.0,1.0,4,0,1,0,3
55,1.0,2.0,1.0,1.0,1.0,1.0,1.0,1.0,55.0,3.0,3,0,0,1,3
58,2.0,3.0,0.0,1.0,4.0,3.0,4.0,2.0,23.0,5.0,1,0,0,0,1
59,5.0,2.0,3.0,1.0,5.0,3.0,2.0,5.0,28.0,4.0,1,1,0,1,1
71,1.0,2.0,20.0,5.0,4.0,3.0,6.0,4.0,37.0,1.0,4,0,1,3,2
73,1.0,2.0,12.0,2.0,3.0,2.0,4.0,1.0,42.0,1.0,4,0,1,2,2
74,3.0,2.0,3.0,1.0,4.0,2.0,5.0,2.0,21.0,5.0,3,1,0,1,1
76,1.0,1.0,18.0,3.0,1.0,1.0,4.0,5.0,37.0,1.0,4,0,1,3,2
84,3.0,1.0,0.0,1.0,3.0,2.0,2.0,3.0,70.0,4.0,2,1,0,0,4
86,3.0,2.0,0.0,1.0,3.0,2.0,1.0,1.0,53.0,5.0,3,1,0,0,3
87,1.0,1.0,2.0,1.0,2.0,2.0,4.0,5.0,46.0,1.0,4,0,1,1,3
88,1.0,1.0,0.0,1.0,2.0,2.0,3.0,4.0,55.0,1.0,4,0,1,0,3
90,3.0,3.0,30.0,1.0,2.0,3.0,4.0,1.0,42.0,5.0,4,1,0,4,2
92,1.0,1.0,0.0,1.0,1.0,1.0,3.0,2.0,29.0,5.0,4,0,0,0,1
95,4.0,3.0,3.0,1.0,3.0,4.0,4.0,3.0,22.0,5.0,3,1,0,1,1
102,1.0,3.0,0.0,4.0,1.0,1.0,4.0,2.0,50.0,1.0,4,0,1,0,3
104,3.0,3.0,1.0,6.0,3.0,2.0,2.0,3.0,56.0,5.0,4,1,0,1,3
106,1.0,1.0,30.0,1.0,2.0,2.0,4.0,5.0,23.0,5.0,2,0,0,4,1
107,1.0,3.0,5.0,6.0,4.0,3.0,2.0,5.0,67.0,5.0,2,0,0,1,4
108,1.0,1.0,0.0,1.0,2.0,1.0,3.0,3.0,54.0,1.0,4,0,1,0,3
110,1.0,1.0,3.0,1.0,2.0,2.0,6.0,5.0,55.0,3.0,3,0,0,1,3
114,1.0,1.0,2.0,6.0,2.0,2.0,4.0,3.0,70.0,1.0,4,0,1,1,4
118,1.0,1.0,3.0,1.0,2.0,2.0,4.0,3.0,48.0,1.0,3,0,1,1,3
122,1.0,1.0,4.0,1.0,2.0,1.0,6.0,2.0,76.0,2.0,4,0,0,1,4
123,3.0,1.0,0.0,2.0,2.0,3.0,4.0,3.0,59.0,1.0,4,1,1,0,3
127,3.0,1.0,10.0,2.0,1.0,1.0,1.0,2.0,39.0,5.0,4,1,0,2,2
129,2.0,2.0,1.0,6.0,2.0,3.0,2.0,4.0,39.0,5.0,4,0,0,1,2
133,2.0,1.0,1.0,5.0,4.0,2.0,2.0,1.0,69.0,1.0,3,0,1,1,4
134,2.0,1.0,2.0,3.0,3.0,1.0,4.0,4.0,60.0,1.0,3,0,1,1,4
137,1.0,3.0,4.0,5.0,3.0,4.0,3.0,5.0,35.0,1.0,4,0,1,1,2
138,1.0,2.0,1.0,1.0,3.0,2.0,5.0,4.0,38.0,1.0,2,0,1,1,2
140,3.0,2.0,2.0,1.0,3.0,4.0,4.0,4.0,55.0,3.0,3,1,0,1,3
141,1.0,1.0,15.0,1.0,5.0,2.0,2.0,5.0,34.0,1.0,4,0,1,3,2
144,1.0,1.0,2.0,1.0,4.0,2.0,4.0,4.0,56.0,3.0,2,0,0,1,3
147,2.0,4.0,0.0,1.0,4.0,2.0,3.0,5.0,26.0,5.0,4,0,0,0,1
149,1.0,1.0,18.0,1.0,2.0,2.0,2.0,5.0,59.0,4.0,4,0,0,3,3
150,1.0,1.0,4.0,3.0,2.0,2.0,2.0,2.0,39.0,5.0,4,0,0,1,2
153,2.0,2.0,2.0,1.0,3.0,3.0,1.0,5.0,46.0,4.0,4,0,0,1,3
154,1.0,3.0,4.0,2.0,3.0,5.0,3.0,1.0,57.0,5.0,1,0,0,1,3
155,2.0,2.0,0.0,1.0,3.0,3.0,2.0,5.0,35.0,1.0,1,0,1,0,2
158,1.0,2.0,15.0,1.0,3.0,2.0,2.0,5.0,48.0,1.0,1,0,1,3,3
166,1.0,2.0,5.0,2.0,4.0,3.0,3.0,5.0,43.0,5.0,1,0,0,1,2
168,2.0,3.0,26.0,1.0,5.0,2.0,4.0,3.0,46.0,5.0,4,0,0,4,3
170,5.0,3.0,2.0,3.0,4.0,3.0,1.0,5.0,19.0,5.0,2,1,0,1,1
171,1.0,3.0,0.0,1.0,4.0,3.0,1.0,5.0,65.0,1.0,3,0,1,0,4
172,3.0,2.0,4.0,2.0,2.0,3.0,4.0,5.0,60.0,3.0,3,1,0,1,4
174,1.0,1.0,0.0,5.0,1.0,3.0,3.0,3.0,36.0,1.0,4,0,1,0,2
177,1.0,1.0,25.0,3.0,2.0,1.0,3.0,2.0,61.0,4.0,3,0,0,4,4
190,3.0,1.0,20.0,1.0,2.0,3.0,2.0,2.0,53.0,3.0,2,1,0,3,3
198,1.0,1.0,0.0,3.0,2.0,2.0,3.0,5.0,38.0,1.0,4,0,1,0,2
208,2.0,2.0,2.0,5.0,2.0,2.0,4.0,3.0,50.0,1.0,4,0,1,1,3
211,1.0,1.0,2.0,5.0,2.0,2.0,6.0,3.0,46.0,1.0,3,0,1,1,3
219,1.0,1.0,20.0,2.0,2.0,1.0,6.0,5.0,33.0,1.0,2,0,1,3,2
220,1.0,1.0,15.0,1.0,2.0,3.0,3.0,4.0,34.0,1.0,4,0,1,3,2
221,3.0,2.0,4.0,1.0,3.0,3.0,2.0,2.0,46.0,1.0,4,1,1,1,3
223,1.0,1.0,5.0,1.0,4.0,3.0,4.0,4.0,28.0,5.0,3,0,0,1,1
227,1.0,3.0,20.0,1.0,3.0,3.0,6.0,2.0,28.0,5.0,4,0,0,3,1
230,1.0,1.0,10.0,2.0,1.0,1.0,3.0,5.0,51.0,3.0,3,0,0,2,3
232,2.0,1.0,20.0,1.0,3.0,3.0,5.0,1.0,44.0,1.0,4,0,1,3,2
234,2.0,2.0,8.0,1.0,4.0,4.0,3.0,5.0,29.0,1.0,2,0,1,2,1
238,1.0,1.0,0.0,1.0,3.0,3.0,4.0,4.0,65.0,1.0,4,0,1,0,4
240,1.0,1.0,12.0,2.0,2.0,1.0,4.0,3.0,58.0,1.0,3,0,1,2,3
241,1.0,1.0,3.0,1.0,2.0,3.0,4.0,4.0,26.0,5.0,3,0,0,1,1
242,2.0,1.0,1.0,1.0,3.0,3.0,3.0,5.0,61.0,1.0,3,0,1,1,4
246,1.0,1.0,10.0,1.0,2.0,3.0,3.0,4.0,29.0,5.0,2,0,0,2,1
251,1.0,2.0,15.0,4.0,2.0,1.0,6.0,3.0,37.0,1.0,4,0,1,3,2
256,1.0,3.0,12.0,1.0,3.0,2.0,4.0,3.0,36.0,5.0,2,0,0,2,2
261,4.0,3.0,3.0,1.0,1.0,2.0,6.0,2.0,26.0,5.0,4,1,0,1,1
263,1.0,3.0,3.0,2.0,3.0,2.0,2.0,3.0,54.0,1.0,4,0,1,1,3
266,1.0,2.0,3.0,4.0,2.0,2.0,4.0,2.0,58.0,4.0,4,0,0,1,3
267,1.0,1.0,0.0,6.0,1.0,2.0,2.0,1.0,50.0,3.0,3,0,0,0,3
268,1.0,2.0,5.0,5.0,2.0,1.0,4.0,1.0,36.0,5.0,4,0,0,1,2
270,2.0,2.0,4.0,1.0,2.0,3.0,4.0,3.0,51.0,5.0,2,0,0,1,3
272,3.0,2.0,4.0,1.0,3.0,1.0,1.0,3.0,29.0,5.0,3,1,0,1,1
275,2.0,1.0,28.0,5.0,1.0,2.0,4.0,3.0,53.0,1.0,4,0,1,4,3
276,1.0,1.0,10.0,3.0,2.0,1.0,6.0,5.0,45.0,1.0,4,0,1,2,3
277,3.0,3.0,3.0,1.0,1.0,3.0,2.0,3.0,36.0,3.0,3,1,0,1,2
278,1.0,1.0,8.0,3.0,1.0,1.0,3.0,3.0,60.0,1.0,2,0,1,2,4
281,3.0,2.0,4.0,2.0,2.0,2.0,3.0,3.0,34.0,1.0,3,1,1,1,2
282,1.0,2.0,2.0,1.0,2.0,2.0,3.0,5.0,58.0,1.0,3,0,1,1,3
288,1.0,1.0,1.0,1.0,3.0,1.0,4.0,5.0,46.0,4.0,2,0,0,1,3
290,1.0,2.0,12.0,1.0,1.0,1.0,4.0,2.0,59.0,3.0,4,0,0,2,3
291,1.0,1.0,5.0,5.0,2.0,1.0,5.0,3.0,63.0,1.0,4,0,1,1,4
299,2.0,1.0,7.0,4.0,2.0,1.0,3.0,2.0,44.0,5.0,4,0,0,1,2
303,2.0,1.0,5.0,1.0,2.0,2.0,2.0,2.0,52.0,3.0,4,0,0,1,3
304,1.0,2.0,0.0,1.0,3.0,3.0,2.0,4.0,69.0,1.0,3,0,1,0,4
306,1.0,1.0,10.0,5.0,2.0,2.0,3.0,3.0,25.0,5.0,4,0,0,2,1
307,1.0,1.0,5.0,1.0,2.0,2.0,2.0,5.0,33.0,5.0,1,0,0,1,2
312,1.0,1.0,5.0,4.0,1.0,1.0,3.0,1.0,58.0,2.0,4,0,0,1,3
313,1.0,1.0,5.0,2.0,2.0,2.0,3.0,3.0,42.0,1.0,4,0,1,1,2
315,3.0,4.0,3.0,1.0,4.0,2.0,6.0,1.0,25.0,5.0,4,1,0,1,1
330,2.0,1.0,0.0,5.0,3.0,2.0,3.0,1.0,42.0,5.0,3,0,0,0,2
331,1.0,1.0,3.0,6.0,2.0,1.0,3.0,3.0,34.0,1.0,4,0,1,1,2
336,3.0,3.0,1.0,1.0,3.0,3.0,2.0,5.0,26.0,5.0,4,1,0,1,1
338,1.0,1.0,17.0,4.0,2.0,2.0,4.0,1.0,40.0,1.0,4,0,1,3,2
339,2.0,2.0,5.0,6.0,1.0,2.0,2.0,3.0,56.0,3.0,4,0,0,1,3
340,5.0,1.0,10.0,5.0,4.0,4.0,2.0,4.0,60.0,2.0,4,1,0,2,4
342,1.0,2.0,0.0,3.0,1.0,1.0,4.0,4.0,35.0,1.0,4,0,1,0,2
343,1.0,2.0,2.0,3.0,1.0,1.0,6.0,3.0,55.0,1.0,4,0,1,1,3
356,3.0,3.0,0.0,1.0,3.0,4.0,1.0,5.0,34.0,5.0,1,1,0,0,2
357,1.0,1.0,0.0,5.0,2.0,2.0,2.0,3.0,39.0,1.0,4,0,1,0,2
359,1.0,2.0,0.0,1.0,3.0,3.0,1.0,5.0,70.0,4.0,2,0,0,0,4
364,5.0,2.0,5.0,5.0,3.0,2.0,3.0,5.0,44.0,3.0,4,1,0,1,2
367,2.0,2.0,4.0,4.0,2.0,3.0,4.0,3.0,27.0,5.0,4,0,0,1,1
371,4.0,1.0,22.0,3.0,1.0,2.0,3.0,3.0,38.0,1.0,4,1,1,4,2
383,3.0,1.0,4.0,6.0,3.0,2.0,3.0,3.0,48.0,1.0,3,1,1,1,3
386,4.0,3.0,2.0,3.0,2.0,4.0,2.0,2.0,30.0,5.0,4,1,0,1,2
388,1.0,1.0,0.0,1.0,1.0,1.0,1.0,5.0,38.0,1.0,3,0,1,0,2
390,3.0,2.0,2.0,1.0,5.0,5.0,5.0,1.0,55.0,3.0,3,1,0,1,3
391,3.0,1.0,10.0,2.0,2.0,2.0,4.0,1.0,28.0,5.0,4,1,0,2,1
393,2.0,1.0,20.0,5.0,3.0,3.0,1.0,3.0,24.0,5.0,4,0,0,3,1
395,1.0,1.0,0.0,4.0,1.0,1.0,2.0,2.0,77.0,1.0,4,0,1,0,4
402,1.0,1.0,3.0,1.0,1.0,1.0,2.0,5.0,20.0,5.0,2,0,0,1,1
403,1.0,2.0,0.0,1.0,3.0,1.0,1.0,5.0,38.0,1.0,1,0,1,0,2
407,1.0,2.0,0.0,1.0,3.0,1.0,5.0,3.0,43.0,1.0,3,0,1,0,2
416,1.0,2.0,2.0,4.0,1.0,1.0,4.0,2.0,46.0,4.0,3,0,0,1,3
421,2.0,1.0,2.0,4.0,2.0,1.0,3.0,2.0,59.0,1.0,3,0,1,1,3
422,2.0,2.0,2.0,1.0,3.0,3.0,5.0,2.0,47.0,3.0,2,0,0,1,3
423,2.0,2.0,0.0,1.0,3.0,3.0,3.0,5.0,27.0,5.0,3,0,0,0,1
425,1.0,1.0,0.0,1.0,1.0,1.0,2.0,1.0,74.0,1.0,4,0,1,0,4
428,3.0,2.0,20.0,1.0,2.0,3.0,2.0,2.0,46.0,3.0,4,1,0,3,3
430,1.0,1.0,20.0,1.0,1.0,1.0,3.0,1.0,65.0,3.0,4,0,0,3,4
431,1.0,1.0,25.0,4.0,2.0,1.0,5.0,1.0,36.0,1.0,4,0,1,4,2
433,2.0,2.0,4.0,4.0,2.0,2.0,4.0,3.0,32.0,1.0,4,0,1,1,2
439,1.0,1.0,5.0,1.0,2.0,3.0,6.0,1.0,31.0,5.0,3,0,0,1,2
440,1.0,2.0,0.0,1.0,3.0,3.0,5.0,3.0,31.0,1.0,4,0,1,0,2
441,3.0,1.0,7.0,3.0,4.0,4.0,3.0,5.0,35.0,1.0,4,1,1,1,2
446,1.0,3.0,0.0,1.0,4.0,4.0,2.0,2.0,37.0,5.0,4,0,0,0,2
453,1.0,1.0,20.0,2.0,1.0,1.0,5.0,1.0,33.0,5.0,4,0,0,3,2
459,2.0,2.0,5.0,1.0,2.0,2.0,2.0,5.0,22.0,1.0,3,0,1,1,1
460,1.0,1.0,4.0,2.0,1.0,1.0,4.0,1.0,28.0,1.0,4,0,1,1,1
461,2.0,2.0,8.0,1.0,2.0,3.0,5.0,3.0,24.0,5.0,4,0,0,2,1
462,1.0,1.0,2.0,4.0,3.0,1.0,1.0,1.0,43.0,1.0,3,0,1,1,2
465,1.0,2.0,3.0,1.0,2.0,3.0,3.0,1.0,21.0,5.0,3,0,0,1,1
466,1.0,2.0,8.0,1.0,4.0,3.0,3.0,3.0,48.0,1.0,3,0,1,2,3
471,2.0,1.0,0.0,5.0,3.0,2.0,1.0,2.0,37.0,3.0,4,0,0,0,2
473,1.0,1.0,20.0,5.0,3.0,1.0,4.0,5.0,43.0,1.0,4,0,1,3,2
476,2.0,1.0,3.0,6.0,4.0,4.0,3.0,1.0,40.0,1.0,4,0,1,1,2
479,3.0,2.0,2.0,1.0,4.0,4.0,3.0,5.0,31.0,5.0,3,1,0,1,2
480,1.0,2.0,2.0,4.0,2.0,2.0,6.0,1.0,51.0,5.0,4,0,0,1,3
483,3.0,2.0,30.0,1.0,4.0,4.0,5.0,4.0,27.0,5.0,2,1,0,4,1
490,1.0,1.0,30.0,3.0,1.0,1.0,3.0,5.0,46.0,1.0,4,0,1,4,3
491,1.0,1.0,5.0,5.0,1.0,1.0,2.0,1.0,72.0,1.0,4,0,1,1,4
492,1.0,2.0,3.0,6.0,1.0,2.0,2.0,1.0,50.0,3.0,4,0,0,1,3
494,1.0,1.0,3.0,1.0,1.0,2.0,2.0,1.0,35.0,5.0,4,0,0,1,2
496,1.0,1.0,3.0,1.0,1.0,1.0,3.0,3.0,33.0,5.0,3,0,0,1,2
502,1.0,2.0,15.0,3.0,3.0,2.0,1.0,5.0,30.0,1.0,4,0,1,3,2
503,1.0,2.0,5.0,2.0,2.0,1.0,4.0,1.0,37.0,1.0,1,0,1,1,2
506,1.0,1.0,20.0,3.0,3.0,2.0,2.0,5.0,66.0,1.0,4,0,1,3,4
508,1.0,2.0,5.0,3.0,2.0,2.0,4.0,1.0,39.0,1.0,4,0,1,1,2
510,3.0,1.0,1.0,6.0,3.0,2.0,1.0,2.0,68.0,2.0,4,1,0,1,4
515,1.0,2.0,8.0,4.0,3.0,1.0,4.0,2.0,48.0,1.0,3,0,1,2,3
518,3.0,1.0,12.0,4.0,3.0,3.0,4.0,3.0,59.0,2.0,4,1,0,2,3
522,1.0,1.0,6.0,6.0,2.0,2.0,1.0,3.0,63.0,1.0,2,0,1,1,4
524,4.0,1.0,2.0,6.0,2.0,2.0,6.0,4.0,35.0,1.0,3,1,1,1,2
527,2.0,2.0,0.0,1.0,3.0,3.0,4.0,2.0,76.0,2.0,3,0,0,0,4
529,2.0,2.0,1.0,1.0,4.0,3.0,4.0,1.0,56.0,3.0,2,0,0,1,3
532,1.0,2.0,0.0,1.0,2.0,1.0,6.0,3.0,55.0,5.0,2,0,0,0,3
533,1.0,1.0,10.0,3.0,2.0,1.0,6.0,3.0,57.0,1.0,4,0,1,2,3
535,1.0,1.0,0.0,4.0,2.0,1.0,4.0,3.0,33.0,1.0,3,0,1,0,2
538,2.0,2.0,3.0,2.0,3.0,3.0,4.0,4.0,39.0,1.0,3,0,1,1,2
540,3.0,1.0,2.0,3.0,3.0,4.0,5.0,3.0,49.0,3.0,4,1,0,1,3
543,1.0,1.0,25.0,1.0,3.0,3.0,2.0,4.0,52.0,1.0,3,0,1,4,3
553,1.0,1.0,4.0,1.0,1.0,2.0,3.0,5.0,21.0,5.0,2,0,0,1,1
558,3.0,1.0,20.0,5.0,1.0,2.0,5.0,1.0,66.0,1.0,4,1,1,3,4
559,3.0,2.0,10.0,1.0,2.0,2.0,4.0,3.0,28.0,5.0,4,1,0,2,1
564,1.0,2.0,0.0,1.0,3.0,2.0,4.0,5.0,28.0,5.0,4,0,0,0,1
568,1.0,2.0,10.0,6.0,3.0,2.0,4.0,2.0,67.0,1.0,4,0,1,2,4
571,3.0,2.0,15.0,4.0,2.0,1.0,5.0,5.0,23.0,5.0,4,1,0,3,1
572,2.0,1.0,1.0,5.0,3.0,4.0,3.0,3.0,37.0,1.0,4,0,1,1,2
573,1.0,3.0,4.0,1.0,2.0,1.0,4.0,2.0,27.0,5.0,2,0,0,1,1
577,3.0,2.0,3.0,1.0,3.0,2.0,2.0,3.0,38.0,4.0,3,1,0,1,2
580,1.0,4.0,6.0,3.0,3.0,2.0,5.0,2.0,30.0,5.0,4,0,0,1,2
582,3.0,2.0,1.0,5.0,3.0,2.0,2.0,5.0,44.0,3.0,2,1,0,1,2
584,2.0,2.0,0.0,1.0,3.0,2.0,4.0,3.0,45.0,1.0,2,0,1,0,3
585,3.0,1.0,0.0,1.0,3.0,3.0,4.0,5.0,27.0,5.0,1,1,0,0,1
586,3.0,1.0,0.0,1.0,3.0,2.0,2.0,4.0,53.0,1.0,4,1,1,0,3
589,1.0,2.0,2.0,1.0,1.0,1.0,5.0,4.0,50.0,1.0,3,0,1,1,3
591,1.0,1.0,20.0,5.0,2.0,1.0,2.0,2.0,51.0,5.0,4,0,0,3,3
592,1.0,1.0,0.0,1.0,2.0,2.0,4.0,4.0,63.0,3.0,3,0,0,0,4
593,1.0,1.0,0.0,1.0,1.0,1.0,2.0,4.0,57.0,1.0,2,0,1,0,3
595,1.0,1.0,0.0,1.0,1.0,1.0,3.0,5.0,64.0,1.0,3,0,1,0,4
599,2.0,2.0,24.0,3.0,3.0,3.0,1.0,5.0,28.0,5.0,2,0,0,4,1
602,1.0,1.0,5.0,4.0,3.0,3.0,4.0,1.0,56.0,1.0,3,0,1,1,3
611,1.0,1.0,0.0,1.0,1.0,1.0,2.0,5.0,40.0,3.0,1,0,0,0,2
622,1.0,1.0,15.0,5.0,2.0,2.0,4.0,3.0,41.0,5.0,4,0,0,3,2
625,2.0,1.0,5.0,1.0,2.0,1.0,2.0,3.0,49.0,4.0,3,0,0,1,3
627,4.0,1.0,1.0,2.0,2.0,2.0,1.0,5.0,31.0,5.0,4,1,0,1,2
632,1.0,3.0,0.0,1.0,1.0,2.0,2.0,5.0,39.0,5.0,3,0,0,0,2
635,2.0,2.0,0.0,1.0,3.0,3.0,1.0,5.0,48.0,4.0,2,0,0,0,3
636,1.0,1.0,3.0,1.0,3.0,3.0,1.0,5.0,28.0,1.0,2,0,1,1,1
639,1.0,2.0,0.0,6.0,2.0,2.0,2.0,2.0,38.0,1.0,2,0,1,0,2
641,4.0,2.0,20.0,1.0,1.0,2.0,2.0,1.0,40.0,3.0,3,1,0,3,2
642,1.0,1.0,1.0,5.0,2.0,1.0,1.0,1.0,57.0,1.0,3,0,1,1,3
647,3.0,2.0,0.0,5.0,1.0,1.0,1.0,1.0,25.0,1.0,1,1,1,0,1
653,3.0,3.0,0.0,1.0,2.0,2.0,5.0,1.0,28.0,5.0,4,1,0,0,1
656,1.0,1.0,12.0,1.0,3.0,2.0,4.0,3.0,40.0,1.0,2,0,1,2,2
657,1.0,2.0,0.0,5.0,1.0,1.0,4.0,4.0,47.0,1.0,3,0,1,0,3
665,2.0,3.0,0.0,4.0,2.0,2.0,3.0,1.0,36.0,1.0,4,0,1,0,2
666,1.0,1.0,1.0,1.0,1.0,1.0,6.0,3.0,34.0,5.0,3,0,0,1,2
667,4.0,2.0,4.0,1.0,4.0,4.0,2.0,3.0,30.0,5.0,4,1,0,1,2
669,5.0,1.0,0.0,1.0,3.0,3.0,3.0,2.0,28.0,5.0,2,1,0,0,1
670,1.0,2.0,0.0,1.0,2.0,2.0,2.0,2.0,65.0,1.0,4,0,1,0,4
671,1.0,1.0,0.0,6.0,2.0,1.0,3.0,1.0,49.0,1.0,2,0,1,0,3
675,1.0,2.0,4.0,2.0,2.0,5.0,2.0,3.0,22.0,5.0,3,0,0,1,1
678,2.0,4.0,0.0,1.0,3.0,1.0,5.0,5.0,59.0,1.0,2,0,1,0,3
680,1.0,2.0,7.0,1.0,2.0,1.0,6.0,4.0,54.0,1.0,3,0,1,1,3
684,1.0,1.0,5.0,1.0,3.0,2.0,2.0,5.0,34.0,1.0,2,0,1,1,2
688,1.0,2.0,0.0,1.0,1.0,1.0,1.0,4.0,23.0,5.0,2,0,0,0,1
690,1.0,2.0,4.0,1.0,1.0,1.0,3.0,2.0,34.0,1.0,2,0,1,1,2
697,1.0,2.0,0.0,1.0,1.0,1.0,3.0,5.0,50.0,3.0,2,0,0,0,3
698,1.0,2.0,4.0,5.0,2.0,3.0,1.0,3.0,40.0,3.0,4,0,0,1,2
706,1.0,1.0,0.0,5.0,1.0,1.0,4.0,5.0,71.0,1.0,2,0,1,0,4
714,1.0,2.0,0.0,1.0,3.0,3.0,1.0,2.0,38.0,1.0,1,0,1,0,2
715,1.0,2.0,5.0,6.0,1.0,1.0,3.0,4.0,39.0,1.0,4,0,1,1,2
717,1.0,1.0,4.0,5.0,4.0,2.0,4.0,1.0,45.0,1.0,4,0,1,1,3
721,1.0,1.0,4.0,6.0,2.0,2.0,3.0,3.0,48.0,3.0,4,0,0,1,3
726,1.0,2.0,2.0,1.0,2.0,2.0,3.0,3.0,48.0,3.0,3,0,0,1,3
728,5.0,3.0,30.0,1.0,2.0,2.0,2.0,5.0,59.0,3.0,2,1,0,4,3
729,1.0,2.0,0.0,1.0,3.0,4.0,1.0,5.0,25.0,5.0,2,0,0,0,1
731,1.0,1.0,4.0,1.0,3.0,1.0,3.0,4.0,40.0,5.0,3,0,0,1,2
735,1.0,2.0,1.0,1.0,3.0,2.0,6.0,1.0,43.0,1.0,3,0,1,1,2
740,1.0,1.0,0.0,1.0,3.0,3.0,2.0,4.0,28.0,1.0,2,0,1,0,1
741,2.0,1.0,4.0,5.0,3.0,3.0,2.0,2.0,46.0,5.0,4,0,0,1,3
746,4.0,1.0,1.0,1.0,3.0,4.0,2.0,3.0,65.0,2.0,4,1,0,1,4
747,3.0,2.0,0.0,1.0,1.0,1.0,3.0,5.0,25.0,5.0,2,1,0,0,1
748,1.0,1.0,30.0,1.0,3.0,2.0,1.0,5.0,30.0,5.0,2,0,0,4,2
751,1.0,2.0,0.0,1.0,2.0,2.0,3.0,5.0,47.0,3.0,3,0,0,0,3
753,4.0,3.0,1.0,2.0,4.0,3.0,1.0,4.0,23.0,5.0,2,1,0,1,1
755,1.0,2.0,7.0,1.0,4.0,2.0,6.0,3.0,19.0,5.0,1,0,0,1,1
763,1.0,2.0,1.0,6.0,2.0,2.0,1.0,3.0,44.0,1.0,4,0,1,1,2
765,3.0,1.0,10.0,3.0,4.0,3.0,5.0,2.0,43.0,5.0,4,1,0,2,2
768,1.0,2.0,0.0,4.0,4.0,3.0,3.0,3.0,36.0,3.0,2,0,0,0,2
769,2.0,2.0,20.0,5.0,2.0,3.0,2.0,3.0,30.0,5.0,4,0,0,3,2
774,1.0,1.0,0.0,1.0,3.0,3.0,3.0,5.0,51.0,1.0,3,0,1,0,3
775,1.0,2.0,1.0,1.0,2.0,2.0,3.0,3.0,27.0,5.0,3,0,0,1,1
777,1.0,1.0,0.0,1.0,2.0,1.0,2.0,5.0,28.0,5.0,1,0,0,0,1
778,2.0,2.0,10.0,4.0,2.0,2.0,2.0,5.0,34.0,1.0,4,0,1,2,2
780,1.0,1.0,0.0,1.0,2.0,2.0,1.0,4.0,35.0,1.0,4,0,1,0,2
781,1.0,1.0,4.0,1.0,2.0,2.0,3.0,5.0,70.0,2.0,3,0,0,1,4
784,3.0,1.0,1.0,1.0,3.0,2.0,5.0,4.0,56.0,3.0,2,1,0,1,3
786,1.0,1.0,5.0,1.0,1.0,1.0,6.0,1.0,33.0,1.0,2,0,1,1,2
789,2.0,3.0,4.0,1.0,3.0,3.0,3.0,3.0,55.0,3.0,3,0,0,1,3
795,1.0,1.0,2.0,1.0,3.0,3.0,3.0,5.0,74.0,2.0,3,0,0,1,4
798,3.0,1.0,1.0,4.0,3.0,4.0,6.0,4.0,59.0,2.0,3,1,0,1,3
800,3.0,1.0,0.0,1.0,2.0,2.0,1.0,5.0,65.0,1.0,1,1,1,0,4
803,1.0,3.0,0.0,2.0,1.0,1.0,3.0,1.0,40.0,1.0,4,0,1,0,2
807,2.0,2.0,4.0,1.0,3.0,2.0,4.0,3.0,39.0,1.0,2,0,1,1,2
808,2.0,1.0,0.0,1.0,3.0,2.0,4.0,2.0,45.0,4.0,4,0,0,0,3
810,1.0,1.0,0.0,3.0,2.0,2.0,3.0,5.0,32.0,5.0,4,0,0,0,2
811,5.0,2.0,0.0,1.0,3.0,5.0,4.0,4.0,39.0,5.0,4,1,0,0,2
815,1.0,1.0,0.0,1.0,5.0,3.0,3.0,5.0,46.0,3.0,2,0,0,0,3
820,1.0,1.0,5.0,5.0,3.0,2.0,4.0,2.0,40.0,5.0,4,0,0,1,2
828,1.0,2.0,10.0,1.0,3.0,2.0,4.0,3.0,56.0,3.0,4,0,0,2,3
830,1.0,2.0,0.0,3.0,3.0,2.0,4.0,4.0,50.0,1.0,4,0,1,0,3
833,3.0,1.0,20.0,6.0,2.0,2.0,2.0,3.0,61.0,1.0,2,1,1,3,4
835,1.0,1.0,22.0,6.0,3.0,2.0,3.0,5.0,74.0,1.0,4,0,1,4,4
839,1.0,1.0,0.0,5.0,3.0,1.0,1.0,5.0,78.0,1.0,1,0,1,0,4
841,1.0,1.0,0.0,1.0,3.0,2.0,3.0,3.0,50.0,5.0,3,0,0,0,3
844,1.0,1.0,4.0,1.0,4.0,2.0,1.0,1.0,56.0,1.0,3,0,1,1,3
846,1.0,2.0,15.0,1.0,3.0,3.0,1.0,4.0,25.0,1.0,2,0,1,3,1
849,1.0,2.0,0.0,6.0,1.0,1.0,2.0,1.0,39.0,1.0,3,0,1,0,2
855,2.0,1.0,2.0,5.0,2.0,2.0,5.0,2.0,53.0,1.0,3,0,1,1,3
858,1.0,3.0,20.0,5.0,2.0,2.0,4.0,3.0,56.0,1.0,4,0,1,3,3
860,1.0,2.0,3.0,1.0,1.0,1.0,6.0,5.0,35.0,5.0,4,0,0,1,2
862,1.0,2.0,1.0,1.0,4.0,3.0,1.0,5.0,32.0,1.0,3,0,1,1,2
864,1.0,1.0,5.0,5.0,2.0,1.0,1.0,5.0,67.0,1.0,2,0,1,1,4
866,1.0,3.0,4.0,1.0,4.0,4.0,3.0,2.0,31.0,5.0,3,0,0,1,2
870,2.0,2.0,4.0,1.0,3.0,3.0,2.0,5.0,42.0,5.0,1,0,0,1,2
885,5.0,1.0,7.0,2.0,4.0,2.0,4.0,3.0,53.0,2.0,2,1,0,1,3
886,1.0,1.0,2.0,5.0,1.0,1.0,2.0,1.0,57.0,3.0,4,0,0,1,3
889,4.0,2.0,0.0,1.0,3.0,2.0,6.0,3.0,68.0,2.0,4,1,0,0,4
893,2.0,1.0,2.0,1.0,3.0,4.0,3.0,1.0,21.0,5.0,3,0,0,1,1
894,1.0,2.0,17.0,1.0,3.0,1.0,4.0,4.0,29.0,5.0,2,0,0,3,1
901,2.0,2.0,20.0,1.0,4.0,3.0,4.0,5.0,39.0,5.0,2,0,0,3,2
902,4.0,4.0,15.0,1.0,3.0,3.0,1.0,5.0,57.0,3.0,2,1,0,3,3
903,1.0,1.0,4.0,1.0,2.0,2.0,3.0,5.0,25.0,5.0,2,0,0,1,1
913,2.0,1.0,4.0,1.0,3.0,3.0,3.0,3.0,53.0,5.0,3,0,0,1,3
914,4.0,2.0,1.0,1.0,3.0,5.0,3.0,3.0,35.0,3.0,1,1,0,1,2
916,5.0,4.0,0.0,1.0,4.0,5.0,6.0,5.0,19.0,5.0,1,1,0,0,1
922,1.0,1.0,7.0,1.0,4.0,1.0,2.0,5.0,43.0,3.0,2,0,0,1,2
925,2.0,2.0,4.0,1.0,3.0,2.0,1.0,2.0,38.0,1.0,2,0,1,1,2
928,1.0,1.0,12.0,4.0,3.0,2.0,2.0,3.0,59.0,1.0,4,0,1,2,3
933,1.0,1.0,10.0,5.0,1.0,2.0,3.0,1.0,61.0,1.0,4,0,1,2,4
937,2.0,1.0,10.0,6.0,3.0,3.0,1.0,3.0,48.0,1.0,4,0,1,2,3
940,2.0,1.0,20.0,1.0,3.0,2.0,2.0,2.0,54.0,4.0,3,0,0,3,3
944,1.0,1.0,0.0,1.0,4.0,1.0,3.0,4.0,59.0,1.0,2,0,1,0,3
947,3.0,2.0,0.0,1.0,3.0,3.0,1.0,2.0,55.0,1.0,3,1,1,0,3
952,3.0,2.0,0.0,4.0,2.0,2.0,4.0,5.0,45.0,4.0,3,1,0,0,3
953,1.0,3.0,0.0,1.0,4.0,4.0,2.0,5.0,40.0,5.0,1,0,0,0,2
961,1.0,2.0,3.0,2.0,2.0,2.0,4.0,5.0,25.0,5.0,4,0,0,1,1
964,2.0,3.0,15.0,3.0,1.0,1.0,2.0,2.0,22.0,1.0,3,0,1,3,1
966,1.0,1.0,4.0,1.0,3.0,1.0,3.0,5.0,26.0,5.0,3,0,0,1,1
968,1.0,2.0,3.0,1.0,2.0,1.0,2.0,3.0,26.0,4.0,2,0,0,1,1
969,4.0,3.0,0.0,1.0,3.0,4.0,5.0,5.0,60.0,3.0,1,1,0,0,4
970,1.0,1.0,3.0,1.0,3.0,4.0,3.0,4.0,32.0,1.0,4,0,1,1,2
972,1.0,3.0,15.0,1.0,3.0,2.0,3.0,5.0,27.0,5.0,2,0,0,3,1
973,1.0,2.0,3.0,1.0,4.0,3.0,1.0,5.0,27.0,5.0,3,0,0,1,1
976,1.0,1.0,30.0,1.0,2.0,2.0,6.0,4.0,41.0,1.0,4,0,1,4,2
979,1.0,1.0,15.0,4.0,2.0,2.0,4.0,1.0,42.0,1.0,4,0,1,3,2
980,1.0,2.0,3.0,1.0,2.0,2.0,3.0,3.0,57.0,1.0,4,0,1,1,3
988,3.0,2.0,0.0,4.0,5.0,3.0,2.0,5.0,60.0,1.0,3,1,1,0,4
989,4.0,3.0,0.0,1.0,4.0,3.0,2.0,1.0,57.0,1.0,3,1,1,0,3
995,1.0,2.0,1.0,1.0,4.0,2.0,6.0,3.0,34.0,5.0,3,0,0,1,2
998,3.0,2.0,7.0,1.0,3.0,3.0,4.0,4.0,23.0,5.0,3,1,0,1,1
1003,3.0,1.0,8.0,6.0,3.0,3.0,4.0,3.0,42.0,3.0,4,1,0,2,2
1006,1.0,1.0,5.0,1.0,1.0,1.0,5.0,2.0,61.0,3.0,4,0,0,1,4
1007,2.0,1.0,10.0,5.0,1.0,3.0,2.0,2.0,37.0,1.0,4,0,1,2,2
1008,1.0,2.0,8.0,5.0,1.0,2.0,4.0,1.0,39.0,3.0,4,0,0,2,2
1011,1.0,1.0,4.0,1.0,1.0,2.0,2.0,5.0,26.0,5.0,3,0,0,1,1
1015,1.0,1.0,24.0,1.0,3.0,2.0,4.0,3.0,61.0,1.0,3,0,1,4,4
1020,1.0,2.0,15.0,6.0,4.0,1.0,6.0,5.0,46.0,5.0,3,0,0,3,3
1021,1.0,1.0,2.0,1.0,3.0,2.0,2.0,4.0,35.0,5.0,2,0,0,1,2
1025,1.0,1.0,1.0,1.0,2.0,2.0,4.0,2.0,58.0,3.0,3,0,0,1,3
1032,1.0,4.0,15.0,1.0,3.0,2.0,3.0,4.0,54.0,3.0,3,0,0,3,3
1033,3.0,1.0,0.0,6.0,4.0,3.0,1.0,5.0,31.0,4.0,4,1,0,0,2
1037,2.0,1.0,0.0,2.0,2.0,2.0,1.0,5.0,54.0,3.0,4,0,0,0,3
1040,2.0,2.0,8.0,6.0,4.0,2.0,4.0,1.0,45.0,3.0,4,0,0,2,3
1051,2.0,3.0,4.0,1.0,2.0,2.0,2.0,5.0,45.0,5.0,2,0,0,1,3
1056,4.0,1.0,10.0,1.0,2.0,1.0,1.0,5.0,21.0,5.0,1,1,0,2,1
1057,1.0,1.0,4.0,1.0,3.0,2.0,3.0,5.0,65.0,1.0,2,0,1,1,4
1061,5.0,2.0,0.0,1.0,4.0,4.0,1.0,2.0,53.0,3.0,1,1,0,0,3
1065,5.0,1.0,4.0,6.0,4.0,3.0,2.0,5.0,44.0,3.0,3,1,0,1,2
1067,1.0,2.0,30.0,1.0,1.0,2.0,4.0,1.0,51.0,3.0,3,0,0,4,3
1069,1.0,2.0,5.0,1.0,2.0,1.0,5.0,1.0,44.0,5.0,3,0,0,1,2
1074,3.0,2.0,1.0,5.0,3.0,3.0,2.0,5.0,37.0,1.0,3,1,1,1,2
1075,1.0,1.0,8.0,1.0,3.0,2.0,3.0,2.0,50.0,1.0,4,0,1,2,3
1078,2.0,2.0,2.0,1.0,1.0,1.0,2.0,2.0,41.0,5.0,1,0,0,1,2
1080,2.0,2.0,1.0,1.0,1.0,2.0,4.0,4.0,42.0,3.0,2,0,0,1,2
1082,2.0,1.0,0.0,1.0,3.0,3.0,2.0,5.0,31.0,5.0,1,0,0,0,2
1083,1.0,1.0,0.0,1.0,1.0,1.0,3.0,5.0,33.0,1.0,3,0,1,0,2
1084,1.0,1.0,0.0,1.0,3.0,2.0,3.0,5.0,69.0,3.0,1,0,0,0,4
1085,1.0,1.0,25.0,5.0,3.0,2.0,5.0,3.0,46.0,3.0,4,0,0,4,3
1089,1.0,2.0,15.0,4.0,1.0,1.0,4.0,1.0,30.0,1.0,4,0,1,3,2
1091,1.0,2.0,0.0,2.0,3.0,2.0,2.0,5.0,39.0,1.0,4,0,1,0,2
1094,1.0,1.0,1.0,6.0,2.0,1.0,3.0,1.0,60.0,1.0,2,0,1,1,4
1095,2.0,2.0,5.0,6.0,2.0,2.0,2.0,3.0,47.0,3.0,4,0,0,1,3
1096,1.0,1.0,3.0,4.0,2.0,2.0,6.0,1.0,33.0,1.0,3,0,1,1,2
1101,3.0,2.0,1.0,1.0,5.0,5.0,3.0,3.0,24.0,5.0,3,1,0,1,1
1102,2.0,1.0,2.0,1.0,1.0,1.0,2.0,3.0,57.0,5.0,2,0,0,1,3
1104,3.0,3.0,10.0,2.0,4.0,3.0,2.0,4.0,55.0,5.0,1,1,0,2,3
1105,2.0,2.0,0.0,1.0,3.0,4.0,1.0,5.0,75.0,3.0,2,0,0,0,4
1107,1.0,2.0,0.0,1.0,3.0,2.0,2.0,5.0,70.0,1.0,4,0,1,0,4
1109,1.0,1.0,4.0,1.0,2.0,2.0,4.0,4.0,28.0,1.0,4,0,1,1,1
1120,4.0,1.0,4.0,6.0,2.0,1.0,6.0,5.0,59.0,3.0,3,1,0,1,3
1125,2.0,2.0,2.0,5.0,3.0,1.0,4.0,1.0,29.0,1.0,4,0,1,1,1
1128,3.0,2.0,8.0,1.0,3.0,2.0,3.0,2.0,25.0,5.0,4,1,0,2,1
1130,4.0,2.0,2.0,1.0,4.0,2.0,2.0,1.0,23.0,5.0,3,1,0,1,1
1133,2.0,3.0,0.0,1.0,1.0,2.0,4.0,1.0,55.0,1.0,4,0,1,0,3
1134,2.0,1.0,25.0,1.0,1.0,1.0,1.0,5.0,63.0,1.0,4,0,1,4,4
1136,1.0,1.0,0.0,1.0,3.0,1.0,2.0,4.0,40.0,1.0,1,0,1,0,2
1144,3.0,2.0,0.0,1.0,2.0,2.0,3.0,3.0,28.0,5.0,4,1,0,0,1
1148,3.0,2.0,30.0,1.0,5.0,3.0,5.0,5.0,23.0,3.0,1,1,0,4,1
1149,5.0,1.0,30.0,6.0,2.0,2.0,1.0,5.0,85.0,5.0,4,1,0,4,4
1154,2.0,2.0,2.0,1.0,3.0,2.0,3.0,3.0,55.0,5.0,3,0,0,1,3
1156,2.0,2.0,2.0,1.0,1.0,3.0,4.0,3.0,22.0,5.0,3,0,0,1,1
1164,1.0,1.0,8.0,6.0,2.0,2.0,6.0,5.0,67.0,1.0,4,0,1,2,4
1173,1.0,2.0,0.0,1.0,4.0,4.0,4.0,5.0,33.0,1.0,4,0,1,0,2
1174,1.0,1.0,3.0,1.0,2.0,2.0,3.0,1.0,31.0,2.0,4,0,0,1,2
1180,3.0,2.0,30.0,5.0,3.0,3.0,6.0,1.0,35.0,1.0,3,1,1,4,2
1182,1.0,1.0,3.0,3.0,2.0,2.0,4.0,3.0,51.0,1.0,2,0,1,1,3
1190,1.0,1.0,4.0,1.0,3.0,2.0,2.0,3.0,51.0,1.0,3,0,1,1,3
1196,4.0,3.0,0.0,1.0,4.0,4.0,3.0,5.0,49.0,3.0,4,1,0,0,3
1200,2.0,2.0,2.0,1.0,3.0,4.0,4.0,3.0,22.0,1.0,2,0,1,1,1
1201,1.0,4.0,3.0,1.0,2.0,2.0,2.0,4.0,43.0,1.0,4,0,1,1,2
1206,4.0,3.0,3.0,1.0,2.0,2.0,2.0,4.0,31.0,3.0,3,1,0,1,2
1213,1.0,2.0,4.0,3.0,1.0,2.0,6.0,5.0,38.0,5.0,4,0,0,1,2
1214,3.0,3.0,2.0,2.0,4.0,4.0,1.0,5.0,55.0,3.0,1,1,0,1,3
1217,2.0,1.0,1.0,1.0,2.0,3.0,2.0,3.0,25.0,5.0,2,0,0,1,1
1218,1.0,1.0,25.0,1.0,3.0,1.0,4.0,1.0,28.0,1.0,2,0,1,4,1
1221,2.0,2.0,2.0,1.0,4.0,4.0,3.0,4.0,22.0,5.0,2,0,0,1,1
1224,1.0,1.0,1.0,3.0,3.0,2.0,4.0,4.0,63.0,1.0,3,0,1,1,4
1228,1.0,1.0,15.0,1.0,4.0,4.0,4.0,3.0,39.0,1.0,1,0,1,3,2
1232,1.0,2.0,1.0,1.0,2.0,2.0,4.0,1.0,27.0,1.0,3,0,1,1,1
1234,2.0,1.0,0.0,1.0,5.0,3.0,6.0,5.0,24.0,5.0,4,0,0,0,1
1237,3.0,2.0,12.0,1.0,2.0,2.0,4.0,5.0,30.0,5.0,3,1,0,2,2
1238,1.0,1.0,4.0,4.0,3.0,3.0,3.0,3.0,36.0,5.0,3,0,0,1,2
1242,1.0,2.0,0.0,1.0,1.0,1.0,2.0,5.0,27.0,5.0,4,0,0,0,1
1243,1.0,2.0,4.0,1.0,2.0,2.0,4.0,5.0,24.0,5.0,4,0,0,1,1
1246,1.0,1.0,0.0,1.0,2.0,2.0,4.0,3.0,22.0,5.0,3,0,0,0,1
1248,1.0,1.0,0.0,1.0,2.0,2.0,1.0,5.0,33.0,5.0,1,0,0,0,2
1255,1.0,1.0,22.0,4.0,2.0,2.0,2.0,5.0,47.0,1.0,2,0,1,4,3
1258,4.0,1.0,0.0,1.0,3.0,3.0,1.0,5.0,22.0,5.0,2,1,0,0,1
1259,1.0,2.0,14.0,1.0,1.0,1.0,5.0,1.0,37.0,1.0,4,0,1,2,2
1262,3.0,2.0,1.0,3.0,3.0,3.0,4.0,5.0,32.0,1.0,4,1,1,1,2
1265,2.0,3.0,0.0,1.0,3.0,2.0,3.0,2.0,32.0,5.0,4,0,0,0,2
1271,2.0,1.0,3.0,1.0,2.0,2.0,2.0,5.0,57.0,4.0,1,0,0,1,3
1272,1.0,3.0,2.0,1.0,2.0,3.0,3.0,1.0,26.0,5.0,3,0,0,1,1
1280,1.0,1.0,0.0,1.0,1.0,1.0,4.0,3.0,36.0,1.0,4,0,1,0,2
1281,3.0,1.0,25.0,2.0,3.0,2.0,3.0,5.0,69.0,1.0,4,1,1,4,4
1283,1.0,1.0,10.0,1.0,3.0,3.0,6.0,2.0,53.0,1.0,1,0,1,2,3
1284,1.0,1.0,22.0,2.0,3.0,1.0,3.0,3.0,55.0,4.0,2,0,0,4,3
1286,2.0,2.0,5.0,1.0,2.0,2.0,3.0,2.0,31.0,1.0,4,0,1,1,2
1288,1.0,1.0,4.0,1.0,2.0,2.0,4.0,2.0,68.0,3.0,3,0,0,1,4
1289,1.0,1.0,2.0,6.0,2.0,1.0,2.0,2.0,73.0,1.0,3,0,1,1,4
1291,2.0,1.0,2.0,1.0,3.0,4.0,4.0,5.0,30.0,5.0,2,0,0,1,2
1293,1.0,4.0,0.0,1.0,4.0,2.0,1.0,2.0,61.0,3.0,2,0,0,0,4
1294,4.0,1.0,5.0,1.0,3.0,4.0,1.0,5.0,69.0,2.0,1,1,0,1,4
1298,3.0,1.0,0.0,2.0,3.0,2.0,2.0,2.0,22.0,5.0,1,1,0,0,1
1300,4.0,2.0,0.0,1.0,2.0,3.0,1.0,5.0,56.0,5.0,4,1,0,0,3
1303,1.0,1.0,10.0,1.0,1.0,1.0,3.0,3.0,61.0,3.0,4,0,0,2,4
1304,1.0,2.0,2.0,1.0,3.0,3.0,2.0,3.0,55.0,3.0,2,0,0,1,3
1308,1.0,2.0,5.0,1.0,3.0,3.0,4.0,4.0,30.0,5.0,4,0,0,1,2
1317,2.0,2.0,1.0,5.0,1.0,1.0,4.0,3.0,23.0,5.0,4,0,0,1,1
1321,1.0,2.0,20.0,1.0,3.0,3.0,2.0,5.0,24.0,1.0,2,0,1,3,1
1327,1.0,1.0,5.0,1.0,3.0,3.0,6.0,5.0,36.0,1.0,2,0,1,1,2
1331,1.0,2.0,0.0,1.0,3.0,3.0,3.0,4.0,39.0,1.0,4,0,1,0,2
1333,3.0,1.0,15.0,1.0,3.0,2.0,6.0,1.0,31.0,3.0,3,1,0,3,2
1335,1.0,1.0,3.0,1.0,1.0,1.0,2.0,5.0,35.0,1.0,1,0,1,1,2
1338,1.0,2.0,2.0,1.0,2.0,2.0,2.0,5.0,42.0,1.0,2,0,1,1,2
1345,1.0,1.0,3.0,1.0,2.0,1.0,5.0,2.0,23.0,5.0,3,0,0,1,1
1347,5.0,1.0,30.0,1.0,1.0,1.0,3.0,5.0,57.0,3.0,1,1,0,4,3
1348,1.0,2.0,20.0,5.0,3.0,1.0,6.0,5.0,50.0,1.0,4,0,1,3,3
1354,3.0,1.0,4.0,1.0,2.0,2.0,6.0,3.0,61.0,3.0,2,1,0,1,4
1369,2.0,1.0,6.0,6.0,2.0,3.0,4.0,3.0,54.0,1.0,3,0,1,1,3
1370,1.0,3.0,23.0,1.0,3.0,3.0,6.0,3.0,60.0,1.0,2,0,1,4,4
1372,1.0,2.0,8.0,1.0,4.0,3.0,6.0,5.0,36.0,1.0,4,0,1,2,2
1374,1.0,1.0,4.0,1.0,2.0,2.0,4.0,5.0,41.0,1.0,4,0,1,1,2
1376,1.0,1.0,3.0,1.0,2.0,2.0,2.0,4.0,38.0,1.0,4,0,1,1,2
1382,3.0,3.0,2.0,1.0,3.0,1.0,4.0,3.0,42.0,1.0,3,1,1,1,2
1383,1.0,1.0,12.0,3.0,1.0,1.0,4.0,1.0,57.0,1.0,4,0,1,2,3
1384,3.0,2.0,4.0,1.0,2.0,2.0,4.0,4.0,41.0,3.0,4,1,0,1,2
1390,1.0,1.0,5.0,2.0,2.0,1.0,5.0,1.0,38.0,1.0,3,0,1,1,2
1392,2.0,2.0,0.0,1.0,3.0,3.0,2.0,3.0,68.0,1.0,1,0,1,0,4
1396,1.0,1.0,30.0,1.0,3.0,2.0,5.0,5.0,44.0,1.0,1,0,1,4,2
1399,2.0,2.0,9.0,1.0,2.0,1.0,4.0,4.0,40.0,5.0,4,0,0,2,2
1403,5.0,2.0,2.0,2.0,4.0,4.0,2.0,4.0,37.0,5.0,4,1,0,1,2
1412,1.0,1.0,2.0,1.0,2.0,2.0,2.0,1.0,28.0,5.0,3,0,0,1,1
1416,1.0,1.0,3.0,1.0,3.0,2.0,1.0,5.0,49.0,1.0,3,0,1,1,3
1418,4.0,2.0,0.0,1.0,3.0,5.0,3.0,5.0,43.0,3.0,1,1,0,0,2
1421,2.0,1.0,4.0,2.0,1.0,1.0,2.0,4.0,32.0,5.0,3,0,0,1,2
1424,2.0,2.0,2.0,4.0,3.0,3.0,3.0,3.0,58.0,1.0,4,0,1,1,3
1425,1.0,2.0,7.0,1.0,2.0,3.0,4.0,4.0,21.0,5.0,3,0,0,1,1
1428,1.0,1.0,0.0,1.0,2.0,2.0,3.0,5.0,52.0,3.0,3,0,0,0,3
1434,2.0,1.0,20.0,3.0,4.0,2.0,6.0,4.0,50.0,4.0,3,0,0,3,3
1439,1.0,1.0,20.0,4.0,3.0,2.0,5.0,5.0,24.0,1.0,4,0,1,3,1
1442,4.0,2.0,4.0,6.0,2.0,3.0,4.0,3.0,31.0,5.0,4,1,0,1,2
1445,1.0,1.0,6.0,5.0,2.0,2.0,6.0,3.0,46.0,1.0,4,0,1,1,3
1446,1.0,1.0,1.0,1.0,4.0,1.0,4.0,4.0,49.0,5.0,4,0,0,1,3
1450,1.0,2.0,0.0,1.0,2.0,2.0,5.0,5.0,34.0,1.0,2,0,1,0,2
1452,1.0,1.0,0.0,1.0,2.0,2.0,2.0,3.0,44.0,1.0,3,0,1,0,2
1453,2.0,1.0,30.0,5.0,3.0,3.0,3.0,2.0,48.0,1.0,4,0,1,4,3
1457,1.0,2.0,26.0,1.0,2.0,2.0,4.0,3.0,48.0,5.0,3,0,0,4,3
1461,3.0,2.0,6.0,1.0,4.0,1.0,1.0,5.0,55.0,3.0,2,1,0,1,3
1464,1.0,1.0,0.0,1.0,3.0,2.0,4.0,2.0,59.0,1.0,2,0,1,0,3
1465,1.0,1.0,4.0,5.0,2.0,2.0,4.0,3.0,56.0,3.0,4,0,0,1,3
1468,1.0,1.0,24.0,1.0,1.0,1.0,4.0,3.0,69.0,1.0,3,0,1,4,4
1470,1.0,1.0,6.0,5.0,1.0,1.0,4.0,3.0,71.0,2.0,4,0,0,1,4
1474,3.0,3.0,3.0,1.0,3.0,4.0,3.0,4.0,37.0,3.0,1,1,0,1,2
1475,2.0,2.0,5.0,1.0,5.0,3.0,1.0,5.0,29.0,1.0,3,0,1,1,1
1477,1.0,2.0,0.0,1.0,4.0,3.0,5.0,5.0,32.0,5.0,4,0,0,0,2
1478,3.0,2.0,8.0,3.0,1.0,2.0,4.0,3.0,33.0,5.0,4,1,0,2,2
1480,2.0,2.0,5.0,1.0,3.0,1.0,2.0,5.0,22.0,5.0,2,0,0,1,1
1484,1.0,2.0,1.0,4.0,1.0,1.0,4.0,3.0,56.0,3.0,4,0,0,1,3
1489,1.0,2.0,1.0,1.0,2.0,2.0,4.0,1.0,34.0,1.0,4,0,1,1,2
1498,3.0,2.0,20.0,1.0,3.0,2.0,6.0,4.0,57.0,1.0,4,1,1,3,3
1499,1.0,2.0,1.0,1.0,3.0,2.0,1.0,4.0,63.0,1.0,3,0,1,1,4
1505,1.0,2.0,0.0,1.0,1.0,1.0,4.0,1.0,34.0,1.0,3,0,1,0,2
1510,3.0,2.0,0.0,1.0,3.0,3.0,4.0,5.0,25.0,5.0,4,1,0,0,1
1514,4.0,4.0,6.0,1.0,4.0,4.0,3.0,5.0,50.0,3.0,1,1,0,1,3
1523,1.0,1.0,2.0,4.0,4.0,2.0,5.0,5.0,58.0,1.0,1,0,1,1,3
1540,2.0,1.0,5.0,3.0,2.0,2.0,1.0,3.0,43.0,1.0,4,0,1,1,2
1543,4.0,2.0,1.0,1.0,4.0,3.0,2.0,5.0,62.0,3.0,1,1,0,1,4
1546,1.0,2.0,2.0,1.0,4.0,3.0,4.0,4.0,22.0,1.0,2,0,1,1,1
1547,3.0,3.0,0.0,6.0,4.0,3.0,1.0,2.0,60.0,1.0,1,1,1,0,4
1554,1.0,1.0,2.0,1.0,1.0,2.0,4.0,4.0,32.0,1.0,4,0,1,1,2
1555,1.0,1.0,0.0,6.0,2.0,2.0,2.0,4.0,85.0,1.0,4,0,1,0,4
1559,3.0,2.0,4.0,1.0,1.0,3.0,3.0,3.0,32.0,5.0,3,1,0,1,2
1563,3.0,1.0,1.0,5.0,4.0,4.0,4.0,5.0,61.0,2.0,4,1,0,1,4
1566,1.0,1.0,10.0,1.0,4.0,2.0,4.0,2.0,51.0,4.0,4,0,0,2,3
1567,1.0,1.0,4.0,3.0,3.0,2.0,4.0,5.0,38.0,1.0,2,0,1,1,2
1569,1.0,1.0,20.0,5.0,1.0,1.0,6.0,1.0,37.0,5.0,4,0,0,3,2
1577,3.0,2.0,0.0,1.0,3.0,2.0,4.0,3.0,51.0,1.0,3,1,1,0,3
1580,1.0,1.0,4.0,1.0,5.0,2.0,5.0,2.0,35.0,1.0,2,0,1,1,2
1582,1.0,3.0,25.0,1.0,2.0,2.0,3.0,3.0,32.0,5.0,2,0,0,4,2
1584,1.0,1.0,3.0,2.0,4.0,3.0,3.0,4.0,41.0,1.0,3,0,1,1,2
1590,2.0,1.0,3.0,6.0,2.0,2.0,3.0,1.0,30.0,5.0,4,0,0,1,2
1598,5.0,4.0,3.0,1.0,5.0,4.0,6.0,5.0,55.0,3.0,1,1,0,1,3
1599,2.0,1.0,4.0,1.0,4.0,2.0,4.0,2.0,55.0,5.0,2,0,0,1,3
1601,3.0,1.0,0.0,4.0,4.0,2.0,5.0,5.0,38.0,1.0,3,1,1,0,2
1606,3.0,3.0,0.0,1.0,1.0,2.0,2.0,5.0,25.0,5.0,3,1,0,0,1
1609,1.0,2.0,0.0,1.0,2.0,1.0,3.0,5.0,25.0,5.0,2,0,0,0,1
1611,3.0,1.0,0.0,1.0,2.0,1.0,4.0,2.0,22.0,5.0,3,1,0,0,1
1614,1.0,2.0,4.0,1.0,2.0,2.0,4.0,1.0,20.0,5.0,3,0,0,1,1
1615,1.0,1.0,0.0,1.0,2.0,2.0,4.0,4.0,54.0,1.0,2,0,1,0,3
1619,1.0,1.0,5.0,5.0,2.0,1.0,5.0,1.0,59.0,1.0,4,0,1,1,3
1621,2.0,2.0,5.0,5.0,2.0,3.0,4.0,2.0,34.0,1.0,4,0,1,1,2
1631,1.0,2.0,20.0,1.0,2.0,1.0,3.0,1.0,23.0,5.0,2,0,0,3,1
1632,1.0,1.0,15.0,1.0,3.0,3.0,3.0,1.0,56.0,1.0,2,0,1,3,3
1633,1.0,1.0,0.0,1.0,1.0,1.0,3.0,5.0,47.0,3.0,2,0,0,0,3
1637,1.0,1.0,3.0,4.0,1.0,1.0,4.0,1.0,33.0,1.0,4,0,1,1,2
1641,1.0,1.0,3.0,2.0,3.0,2.0,4.0,1.0,61.0,1.0,4,0,1,1,4
1643,2.0,1.0,3.0,1.0,3.0,3.0,2.0,5.0,42.0,1.0,3,0,1,1,2
1648,2.0,2.0,2.0,1.0,3.0,2.0,5.0,2.0,30.0,5.0,2,0,0,1,2
1651,1.0,1.0,5.0,1.0,1.0,1.0,6.0,5.0,26.0,5.0,3,0,0,1,1
1657,1.0,2.0,12.0,1.0,3.0,2.0,5.0,4.0,65.0,3.0,4,0,0,2,4
1660,1.0,3.0,10.0,1.0,3.0,2.0,3.0,3.0,44.0,3.0,2,0,0,2,2
1662,3.0,2.0,4.0,1.0,3.0,2.0,3.0,4.0,23.0,5.0,3,1,0,1,1
1664,1.0,2.0,0.0,1.0,3.0,3.0,5.0,2.0,37.0,3.0,4,0,0,0,2
1669,1.0,2.0,4.0,1.0,1.0,2.0,2.0,5.0,43.0,1.0,4,0,1,1,2
1671,2.0,1.0,2.0,6.0,2.0,2.0,3.0,1.0,51.0,3.0,3,0,0,1,3
1674,1.0,1.0,0.0,1.0,1.0,1.0,2.0,5.0,74.0,1.0,4,0,1,0,4
1676,1.0,1.0,2.0,1.0,2.0,1.0,3.0,3.0,34.0,1.0,2,0,1,1,2
1679,1.0,1.0,16.0,1.0,3.0,3.0,5.0,1.0,34.0,1.0,3,0,1,3,2
1680,1.0,1.0,20.0,2.0,2.0,1.0,3.0,2.0,34.0,1.0,4,0,1,3,2
1684,1.0,1.0,2.0,1.0,3.0,3.0,3.0,2.0,46.0,3.0,2,0,0,1,3
1686,2.0,3.0,1.0,1.0,4.0,3.0,2.0,5.0,22.0,5.0,2,0,0,1,1
1687,2.0,2.0,0.0,1.0,2.0,1.0,2.0,2.0,55.0,3.0,2,0,0,0,3
1688,4.0,1.0,0.0,1.0,5.0,4.0,2.0,3.0,59.0,5.0,2,1,0,0,3
1698,1.0,2.0,2.0,1.0,2.0,3.0,2.0,5.0,25.0,1.0,3,0,1,1,1
1702,4.0,3.0,2.0,1.0,3.0,2.0,2.0,2.0,57.0,3.0,2,1,0,1,3
1707,2.0,1.0,6.0,6.0,2.0,2.0,3.0,3.0,43.0,5.0,3,0,0,1,2
1719,1.0,1.0,1.0,6.0,2.0,3.0,3.0,5.0,40.0,1.0,3,0,1,1,2
1721,1.0,1.0,3.0,5.0,3.0,3.0,4.0,3.0,62.0,3.0,2,0,0,1,4
1722,1.0,4.0,1.0,1.0,2.0,4.0,4.0,1.0,55.0,1.0,3,0,1,1,3
1728,2.0,1.0,4.0,1.0,4.0,2.0,3.0,5.0,52.0,5.0,3,0,0,1,3
1729,2.0,2.0,4.0,1.0,3.0,3.0,2.0,4.0,41.0,5.0,4,0,0,1,2
1730,1.0,1.0,4.0,1.0,1.0,2.0,4.0,2.0,50.0,5.0,4,0,0,1,3
1732,1.0,1.0,0.0,1.0,3.0,3.0,3.0,3.0,69.0,1.0,2,0,1,0,4
1738,3.0,1.0,15.0,3.0,1.0,3.0,4.0,1.0,24.0,5.0,4,1,0,3,1
1741,1.0,2.0,5.0,1.0,3.0,2.0,2.0,1.0,39.0,3.0,4,0,0,1,2
1743,1.0,2.0,4.0,3.0,3.0,3.0,6.0,3.0,38.0,1.0,4,0,1,1,2
1746,4.0,4.0,10.0,5.0,4.0,3.0,2.0,5.0,63.0,5.0,1,1,0,2,4
1748,2.0,4.0,4.0,1.0,4.0,3.0,2.0,5.0,25.0,5.0,1,0,0,1,1
1749,1.0,1.0,2.0,4.0,1.0,1.0,3.0,5.0,51.0,1.0,2,0,1,1,3
1751,1.0,1.0,4.0,5.0,1.0,1.0,4.0,2.0,45.0,1.0,4,0,1,1,3
1757,1.0,1.0,10.0,3.0,3.0,3.0,4.0,2.0,61.0,5.0,4,0,0,2,4
1759,1.0,2.0,20.0,1.0,3.0,2.0,4.0,1.0,54.0,1.0,2,0,1,3,3
1762,1.0,1.0,25.0,4.0,3.0,2.0,3.0,5.0,63.0,1.0,4,0,1,4,4
1764,1.0,1.0,3.0,1.0,3.0,1.0,3.0,5.0,64.0,1.0,3,0,1,1,4
1766,2.0,2.0,0.0,1.0,2.0,2.0,5.0,5.0,27.0,1.0,2,0,1,0,1
1768,1.0,1.0,3.0,1.0,3.0,2.0,3.0,5.0,41.0,1.0,2,0,1,1,2
1770,1.0,2.0,0.0,1.0,4.0,3.0,4.0,1.0,54.0,3.0,2,0,0,0,3
1774,1.0,1.0,24.0,1.0,2.0,2.0,1.0,5.0,51.0,1.0,1,0,1,4,3
1777,1.0,1.0,1.0,1.0,3.0,2.0,1.0,4.0,54.0,1.0,2,0,1,1,3
1780,1.0,1.0,10.0,4.0,2.0,1.0,5.0,2.0,59.0,1.0,4,0,1,2,3
1781,1.0,3.0,0.0,1.0,3.0,5.0,5.0,5.0,31.0,5.0,2,0,0,0,2
1782,1.0,1.0,2.0,1.0,3.0,2.0,1.0,5.0,23.0,5.0,2,0,0,1,1
1785,1.0,2.0,5.0,3.0,2.0,2.0,4.0,5.0,37.0,1.0,3,0,1,1,2
1790,2.0,1.0,4.0,1.0,2.0,2.0,3.0,1.0,47.0,1.0,4,0,1,1,3
1791,1.0,4.0,0.0,1.0,1.0,1.0,4.0,5.0,52.0,3.0,2,0,0,0,3
1795,2.0,2.0,1.0,5.0,2.0,2.0,4.0,3.0,36.0,1.0,4,0,1,1,2
1796,1.0,2.0,3.0,1.0,3.0,2.0,4.0,5.0,64.0,5.0,4,0,0,1,4
1798,2.0,1.0,2.0,1.0,3.0,3.0,6.0,4.0,63.0,1.0,4,0,1,1,4
1800,2.0,2.0,12.0,6.0,3.0,2.0,2.0,4.0,35.0,3.0,3,0,0,2,2
1804,1.0,1.0,25.0,4.0,1.0,2.0,4.0,1.0,53.0,1.0,4,0,1,4,3
1805,1.0,1.0,3.0,4.0,2.0,2.0,3.0,2.0,70.0,1.0,4,0,1,1,4
1806,2.0,1.0,20.0,1.0,2.0,2.0,4.0,5.0,32.0,1.0,4,0,1,3,2
1808,1.0,2.0,3.0,2.0,3.0,2.0,4.0,3.0,35.0,1.0,4,0,1,1,2
1816,2.0,2.0,3.0,1.0,3.0,2.0,2.0,4.0,49.0,3.0,2,0,0,1,3
1819,3.0,1.0,14.0,1.0,3.0,2.0,1.0,5.0,56.0,5.0,3,1,0,2,3
1820,1.0,1.0,30.0,4.0,3.0,3.0,2.0,5.0,55.0,1.0,3,0,1,4,3
1826,1.0,1.0,4.0,3.0,1.0,2.0,3.0,4.0,45.0,1.0,4,0,1,1,3
1828,2.0,4.0,10.0,5.0,2.0,2.0,5.0,3.0,56.0,3.0,4,0,0,2,3
1832,2.0,1.0,12.0,1.0,1.0,2.0,3.0,5.0,25.0,5.0,2,0,0,2,1
1835,3.0,4.0,4.0,1.0,2.0,1.0,1.0,5.0,23.0,5.0,2,1,0,1,1
1841,1.0,1.0,3.0,2.0,1.0,1.0,4.0,3.0,72.0,3.0,4,0,0,1,4
1845,1.0,1.0,4.0,1.0,3.0,4.0,3.0,3.0,39.0,5.0,3,0,0,1,2
1852,2.0,2.0,5.0,1.0,4.0,4.0,2.0,5.0,27.0,5.0,2,0,0,1,1
1859,1.0,2.0,0.0,3.0,3.0,2.0,2.0,5.0,28.0,5.0,4,0,0,0,1
1867,2.0,1.0,2.0,1.0,2.0,2.0,2.0,5.0,34.0,1.0,1,0,1,1,2
1869,4.0,2.0,0.0,1.0,2.0,2.0,4.0,4.0,59.0,3.0,3,1,0,0,3
1889,1.0,1.0,2.0,1.0,1.0,1.0,4.0,5.0,30.0,1.0,2,0,1,1,2
1890,1.0,1.0,8.0,1.0,2.0,2.0,3.0,5.0,43.0,3.0,1,0,0,2,2
1891,2.0,1.0,8.0,1.0,4.0,2.0,3.0,5.0,27.0,5.0,1,0,0,2,1
1895,1.0,2.0,5.0,1.0,3.0,3.0,3.0,5.0,61.0,3.0,1,0,0,1,4
1896,2.0,2.0,0.0,1.0,3.0,3.0,3.0,1.0,39.0,4.0,3,0,0,0,2
1897,1.0,1.0,0.0,1.0,3.0,2.0,4.0,1.0,54.0,3.0,3,0,0,0,3
1899,1.0,3.0,2.0,1.0,4.0,3.0,2.0,3.0,54.0,5.0,2,0,0,1,3
1903,1.0,1.0,30.0,1.0,2.0,2.0,4.0,5.0,43.0,1.0,1,0,1,4,2
1906,5.0,3.0,6.0,1.0,2.0,2.0,4.0,5.0,51.0,3.0,3,1,0,1,3
1907,2.0,2.0,10.0,1.0,4.0,4.0,2.0,3.0,34.0,5.0,2,0,0,2,2
1908,2.0,1.0,1.0,4.0,3.0,2.0,3.0,2.0,28.0,1.0,4,0,1,1,1
1914,2.0,3.0,0.0,1.0,1.0,2.0,2.0,5.0,20.0,5.0,1,0,0,0,1
1918,3.0,2.0,2.0,1.0,3.0,2.0,5.0,4.0,60.0,5.0,2,1,0,1,4
1920,1.0,3.0,0.0,1.0,3.0,3.0,2.0,5.0,31.0,1.0,3,0,1,0,2
1923,5.0,2.0,3.0,1.0,4.0,5.0,6.0,5.0,38.0,5.0,3,1,0,1,2
1925,2.0,1.0,3.0,1.0,2.0,3.0,5.0,3.0,60.0,3.0,4,0,0,1,4
1927,1.0,2.0,4.0,1.0,4.0,3.0,2.0,4.0,25.0,5.0,2,0,0,1,1
1932,3.0,3.0,0.0,1.0,4.0,4.0,1.0,5.0,30.0,4.0,1,1,0,0,2
1935,3.0,1.0,0.0,6.0,2.0,2.0,3.0,1.0,41.0,1.0,4,1,1,0,2
1937,2.0,3.0,1.0,1.0,3.0,4.0,5.0,5.0,26.0,1.0,4,0,1,1,1
1944,1.0,2.0,18.0,2.0,2.0,3.0,3.0,2.0,44.0,1.0,4,0,1,3,2
1956,3.0,1.0,20.0,5.0,3.0,3.0,1.0,1.0,49.0,3.0,4,1,0,3,3
1960,4.0,1.0,2.0,1.0,3.0,4.0,3.0,3.0,69.0,3.0,3,1,0,1,4
1963,1.0,2.0,0.0,1.0,3.0,3.0,2.0,5.0,42.0,3.0,1,0,0,0,2
1968,4.0,2.0,1.0,1.0,5.0,4.0,6.0,1.0,28.0,3.0,3,1,0,1,1
1971,2.0,2.0,0.0,1.0,2.0,3.0,2.0,3.0,32.0,5.0,4,0,0,0,2
1973,1.0,3.0,10.0,1.0,3.0,2.0,6.0,4.0,59.0,1.0,3,0,1,2,3
1974,1.0,2.0,0.0,1.0,3.0,4.0,3.0,5.0,38.0,1.0,1,0,1,0,2
1979,1.0,2.0,3.0,2.0,4.0,2.0,3.0,4.0,42.0,1.0,1,0,1,1,2
1982,3.0,1.0,3.0,4.0,4.0,2.0,1.0,1.0,34.0,5.0,4,1,0,1,2
1985,4.0,2.0,8.0,1.0,4.0,3.0,1.0,5.0,35.0,1.0,3,1,1,2,2
2001,2.0,1.0,2.0,5.0,2.0,2.0,4.0,3.0,60.0,3.0,3,0,0,1,4
2003,3.0,1.0,0.0,5.0,2.0,3.0,3.0,4.0,55.0,1.0,4,1,1,0,3
2006,5.0,2.0,0.0,1.0,3.0,4.0,2.0,3.0,29.0,5.0,4,1,0,0,1
2012,3.0,1.0,1.0,1.0,4.0,4.0,3.0,3.0,25.0,5.0,4,1,0,1,1
2015,2.0,2.0,2.0,1.0,3.0,1.0,2.0,4.0,53.0,1.0,2,0,1,1,3
2024,1.0,1.0,5.0,1.0,2.0,2.0,4.0,2.0,44.0,1.0,4,0,1,1,2
2026,3.0,1.0,2.0,2.0,1.0,3.0,3.0,3.0,44.0,5.0,4,1,0,1,2
2028,1.0,1.0,2.0,1.0,4.0,2.0,3.0,5.0,41.0,3.0,3,0,0,1,2
2033,2.0,1.0,0.0,1.0,2.0,2.0,4.0,2.0,25.0,1.0,3,0,1,0,1
2034,1.0,2.0,1.0,5.0,3.0,3.0,4.0,1.0,62.0,1.0,3,0,1,1,4
2037,3.0,1.0,20.0,1.0,3.0,3.0,4.0,4.0,36.0,4.0,1,1,0,3,2
2043,4.0,2.0,0.0,1.0,1.0,2.0,1.0,5.0,50.0,3.0,3,1,0,0,3
2050,4.0,1.0,1.0,1.0,2.0,1.0,3.0,4.0,44.0,1.0,2,1,1,1,2
2055,4.0,2.0,20.0,4.0,3.0,2.0,4.0,4.0,36.0,5.0,2,1,0,3,2
2063,1.0,1.0,0.0,1.0,1.0,1.0,1.0,3.0,54.0,1.0,4,0,1,0,3
2065,1.0,1.0,10.0,1.0,1.0,1.0,3.0,4.0,37.0,5.0,2,0,0,2,2
2068,1.0,1.0,1.0,1.0,3.0,3.0,6.0,5.0,52.0,1.0,3,0,1,1,3
2076,2.0,2.0,20.0,3.0,3.0,3.0,5.0,4.0,28.0,5.0,4,0,0,3,1
2079,2.0,1.0,2.0,1.0,2.0,1.0,4.0,3.0,26.0,1.0,2,0,1,1,1
2086,1.0,1.0,0.0,1.0,3.0,3.0,2.0,5.0,64.0,1.0,2,0,1,0,4
2087,2.0,1.0,28.0,1.0,2.0,2.0,2.0,1.0,36.0,1.0,3,0,1,4,2
2091,2.0,2.0,5.0,3.0,3.0,2.0,3.0,1.0,37.0,1.0,4,0,1,1,2
2093,1.0,1.0,10.0,6.0,1.0,1.0,6.0,1.0,40.0,1.0,3,0,1,2,2
2099,1.0,1.0,3.0,1.0,2.0,2.0,4.0,5.0,44.0,2.0,4,0,0,1,2
2102,2.0,1.0,4.0,1.0,3.0,4.0,2.0,2.0,27.0,5.0,2,0,0,1,1
2106,1.0,2.0,5.0,2.0,1.0,1.0,3.0,1.0,63.0,1.0,4,0,1,1,4
2108,1.0,1.0,4.0,2.0,1.0,1.0,1.0,3.0,56.0,1.0,4,0,1,1,3
2110,1.0,1.0,5.0,5.0,4.0,3.0,6.0,3.0,34.0,5.0,3,0,0,1,2
2120,5.0,2.0,2.0,1.0,4.0,4.0,2.0,1.0,48.0,4.0,3,1,0,1,3
2121,1.0,1.0,4.0,1.0,3.0,1.0,3.0,5.0,52.0,1.0,3,0,1,1,3
2123,2.0,1.0,2.0,1.0,4.0,3.0,5.0,4.0,39.0,1.0,3,0,1,1,2
2125,4.0,2.0,5.0,1.0,4.0,2.0,6.0,3.0,30.0,5.0,3,1,0,1,2
2128,1.0,3.0,4.0,1.0,3.0,1.0,4.0,5.0,36.0,1.0,4,0,1,1,2
2133,1.0,1.0,7.0,3.0,1.0,1.0,2.0,4.0,59.0,1.0,4,0,1,1,3
2136,1.0,2.0,0.0,1.0,4.0,3.0,3.0,5.0,37.0,1.0,2,0,1,0,2
2137,1.0,1.0,0.0,4.0,3.0,1.0,1.0,2.0,72.0,1.0,4,0,1,0,4
2144,1.0,1.0,5.0,1.0,3.0,2.0,3.0,3.0,89.0,2.0,2,0,0,1,4
2150,4.0,2.0,0.0,1.0,3.0,3.0,1.0,5.0,46.0,3.0,1,1,0,0,3
2152,1.0,1.0,0.0,1.0,4.0,4.0,3.0,5.0,34.0,5.0,3,0,0,0,2
2154,4.0,1.0,0.0,1.0,4.0,4.0,4.0,4.0,32.0,5.0,2,1,0,0,2
2159,3.0,2.0,4.0,1.0,2.0,2.0,3.0,5.0,39.0,3.0,2,1,0,1,2
2161,5.0,4.0,15.0,4.0,4.0,5.0,3.0,3.0,33.0,5.0,4,1,0,3,2
2164,3.0,1.0,8.0,1.0,3.0,2.0,3.0,3.0,47.0,5.0,2,1,0,2,3
2167,1.0,1.0,0.0,1.0,3.0,2.0,3.0,5.0,55.0,5.0,1,0,0,0,3
2168,1.0,1.0,0.0,1.0,2.0,3.0,4.0,5.0,55.0,1.0,1,0,1,0,3
2172,3.0,1.0,1.0,1.0,4.0,3.0,6.0,1.0,29.0,5.0,2,1,0,1,1
2175,1.0,1.0,15.0,1.0,3.0,3.0,5.0,3.0,37.0,3.0,2,0,0,3,2
2182,1.0,1.0,30.0,5.0,1.0,1.0,3.0,3.0,52.0,1.0,2,0,1,4,3
2191,1.0,1.0,15.0,3.0,3.0,2.0,3.0,2.0,39.0,1.0,4,0,1,3,2
2198,5.0,2.0,0.0,1.0,3.0,3.0,2.0,5.0,39.0,5.0,4,1,0,0,2
2203,3.0,4.0,0.0,1.0,3.0,3.0,3.0,1.0,35.0,5.0,3,1,0,0,2
2206,1.0,1.0,20.0,5.0,2.0,2.0,5.0,3.0,33.0,1.0,4,0,1,3,2
2207,4.0,1.0,0.0,1.0,3.0,3.0,4.0,5.0,25.0,5.0,2,1,0,0,1
2210,2.0,2.0,1.0,4.0,2.0,3.0,6.0,3.0,50.0,1.0,4,0,1,1,3
2217,1.0,2.0,8.0,1.0,3.0,3.0,5.0,3.0,42.0,5.0,2,0,0,2,2
2225,1.0,2.0,7.0,1.0,3.0,3.0,1.0,2.0,29.0,5.0,4,0,0,1,1
2227,1.0,1.0,3.0,2.0,2.0,2.0,3.0,5.0,32.0,5.0,1,0,0,1,2
2228,1.0,2.0,5.0,1.0,2.0,2.0,1.0,1.0,27.0,5.0,3,0,0,1,1
2233,2.0,2.0,1.0,6.0,4.0,4.0,1.0,5.0,51.0,5.0,1,0,0,1,3
2234,1.0,1.0,0.0,1.0,5.0,2.0,3.0,5.0,56.0,1.0,1,0,1,0,3
2237,3.0,3.0,0.0,1.0,4.0,4.0,6.0,5.0,53.0,1.0,1,1,1,0,3
2242,1.0,1.0,25.0,1.0,2.0,2.0,6.0,3.0,45.0,3.0,2,0,0,4,3
2247,1.0,1.0,2.0,3.0,3.0,2.0,3.0,3.0,55.0,1.0,2,0,1,1,3
2253,2.0,1.0,3.0,3.0,2.0,2.0,3.0,5.0,29.0,3.0,2,0,0,1,1
2256,3.0,1.0,0.0,1.0,4.0,3.0,5.0,3.0,37.0,3.0,2,1,0,0,2
2260,3.0,2.0,15.0,5.0,4.0,2.0,1.0,3.0,24.0,5.0,4,1,0,3,1
2262,5.0,3.0,2.0,3.0,4.0,4.0,2.0,4.0,30.0,5.0,1,1,0,1,2
2266,1.0,1.0,0.0,1.0,3.0,3.0,4.0,5.0,65.0,1.0,2,0,1,0,4
2269,3.0,3.0,4.0,1.0,3.0,4.0,3.0,5.0,46.0,3.0,2,1,0,1,3
2275,3.0,2.0,3.0,1.0,4.0,5.0,3.0,5.0,56.0,1.0,3,1,1,1,3
2278,1.0,1.0,0.0,2.0,3.0,1.0,3.0,3.0,68.0,5.0,4,0,0,0,4
2279,1.0,1.0,0.0,1.0,3.0,3.0,6.0,3.0,30.0,1.0,2,0,1,0,2
2296,4.0,2.0,4.0,2.0,3.0,2.0,2.0,3.0,30.0,5.0,1,1,0,1,2
2305,1.0,2.0,15.0,1.0,3.0,2.0,3.0,5.0,40.0,1.0,2,0,1,3,2
2318,1.0,2.0,0.0,1.0,2.0,3.0,2.0,5.0,52.0,3.0,2,0,0,0,3
2319,1.0,2.0,0.0,1.0,3.0,3.0,2.0,5.0,68.0,1.0,1,0,1,0,4
2321,2.0,2.0,1.0,1.0,2.0,2.0,3.0,4.0,53.0,1.0,3,0,1,1,3
2322,2.0,2.0,1.0,1.0,1.0,2.0,5.0,1.0,43.0,1.0,3,0,1,1,2
2326,1.0,1.0,20.0,1.0,2.0,3.0,5.0,1.0,39.0,5.0,2,0,0,3,2
2330,1.0,2.0,10.0,5.0,3.0,2.0,4.0,5.0,50.0,1.0,3,0,1,2,3
2336,4.0,3.0,20.0,2.0,2.0,4.0,4.0,1.0,25.0,5.0,4,1,0,3,1
